{"intents": [
        {"tag": "greeting",
         "patterns": ["Hi there", "How are you", "Is anyone there?","Hey","Hola", "Hello", "Good day"],
         "responses": ["Hello", "Good to see you again", "Hi there, how can I help?"],
         "context": [""]
        },
        {"tag": "goodbye",
         "patterns": ["Bye", "See you later", "Goodbye", "Nice chatting to you, bye", "Till next time"],
         "responses": ["See you!", "Have a nice day", "Bye! Come back again soon."],
         "context": [""]
        },

        {"tag": "thanks",
         "patterns": ["Thanks", "Thank you", "That's helpful", "Awesome, thanks", "Thanks for helping me"],
         "responses": ["My pleasure", "You're Welcome"],
         "context": [""]
        },

        {"tag": "invalid",
         "patterns": ["","gvsd","asbhk"],
         "responses": ["Sorry, can't understand you", "Please give me more info", "Not sure I understand"],
         "context": [""]
        },

        {"tag": "product",
         "patterns": ["Can you provide more information about the product","what are the products", "can you suggest some products", "recommendations of products", "can i buy products?", "Am I able to buy items?", "May I make purchases for products?"],
         "responses": ["Certainly! I'd be happy to provide more details about the product. Could you please let me know which product you are referring to?", "you can buy any Product, there are different products are availble in our website"],
         "context": [""]
        },

        {"tag": "color",
         "patterns": ["What are the available color options for this product", "product colors", "color"],
         "responses": ["The product is available in multiple color options including [list of colors]. You can choose your preferred color during the ordering process"],
         "context": [""]
        },

        {"tag": "stock",
         "patterns": ["Is this product currently in stock?", "stock", "product stock", "product availability", "is there stock"],
         "responses": ["To check the availability of the product, may I have the product name or SKU number? That way, I can provide you with accurate information on its current stock status."],
         "context": [""]
        },

        {"tag": "size",
         "patterns": ["What is the size of this product?", "size", "what are the sizes available"],
         "responses": ["The size of the product are [size]. This information can also be found in the product description section on the product page"],
         "context": [""]
        },

        {"tag": "store",
         "patterns": ["What are the nearest stores of this product?", "stores", "how can i find nearest stores", "where can i fing out nearest stores"],
         "responses": ["stores regarding Fashion, Electrical, Home and Furniture, Plumbing"],
         "context": [""]
        },

        {"tag": "website",
         "patterns": ["website", "tell me about website speciality?","functionality or purpose or role of website", "what is this website about?", "Could you tell me about this website?", "Can you explain what this website is focused on?"],
         "responses": ["We design and develop world-class websites and applications, design better and spend less time without restricting creative freedom They give us all we need for internet purchasing, at the most basic level"],
         "context": [""]
        },

        {"tag": "services",
         "patterns": ["services", "tell me about services offered by the website?", "what are the services offered or provided by website"],
         "responses": ["We offer the services like Mechanical services, Plumber & Carpenter, Insurance services, Real Estate services, Rental services, Dry Cleaning, Electrical and Catering "],
         "context": [""]
        },

        {"tag": "payment",
         "patterns": ["payment process", "what are payment methods", "Can you tell about payment process", "could you explain about different payment process", "what are different payment methods acceptable"],
         "responses": ["We accept various payment methods, including credit cards (Visa, Mastercard, American Express), PayPal, and Apple Pay. If you have any specific payment preferences, please let me know"],
         "context": [""]
        },

        {"tag": "order",
         "patterns": ["order", "How can I track my order", "What is the status of my order?", "Can you please provide me with an update on my order?", "I'd like to know the current status of my order, could you help?", "What's the latest information on my order?", "Do you have any updates on the status of my order?"],
         "responses": ["you can track your order", "you can check your status of your order by using track my order in my orders section"],
         "context": [""]
        },

        {"tag": "password",
         "patterns": ["How can I reset my password if I forget it?", "What should I do if I cannot remember my password and need to reset it?", "I have forgotten my password. How can I reset it?", "Help! I cannot recall my password. What is the process for resetting it?", "Can you guide me through the steps to reset my password since I have forgotten it?"],
         "responses": ["If you forget your password, click on the Forgot Password link on the login page, and we will send you an email with instructions to reset it."],
         "context": [""]
        },

        {"tag": "refund",
         "patterns": ["What is the refund policy?", "Could you please explain the refund policy?", "I'd like to know more about the refund policy.", "What are the rules regarding refunds?", "Can you provide information on your refund policy?", "How does the refund process work?"],
         "responses": ["If you want to return an item you can return it in the return and refund section and after receieving the item by our service agent your refund process will be initiated and refunds the payment in 2-3 days."],
         "context": [""]
        }

    ]}